AOI,p1x,p1y,p2x,p2y
Task1_task_description,188.30769230769232,10.76923076923077,1872.0,136.30769230769232
Task1_task_answer,1284.7753846153846,635.8399999999997,1574.4984615384615,1009.5015384615382
