AOI,p1x,p1y,p2x,p2y
Task2_task_description,148.92307692307693,10.76923076923077,1822.769230769231,167.0769230769231
Task2_task_answer,233.84615384615387,448.92307692307696,444.3076923076923,623.6923076923077
