AOI,p1x,p1y,p2x,p2y
Task4_task_description,112.1230769230769,24.43076923076944,1851.199999999999,159.81538461538477
Task4_task_answer,1512.7328671328669,947.5020979020978,1733.040559440559,1077.9636363636362
