AOI,p1x,p1y,p2x,p2y
Task3_task_description,278.1538461538462,40.30769230769231,1710.769230769231,153.53846153846155
Task3_task_answer,1316.923076923077,188.0,1606.1538461538462,474.7692307692308
